<?xml version="1.0" encoding="utf-8"?>
<System>
  <P Name="Location">[-8, -8, 1688, 1018]</P>
  <P Name="SystemRect">[0.000000, 0.000000, 0.000000, 0.000000]</P>
  <P Name="SetExecutionDomain">off</P>
  <P Name="ExecutionDomainType">Deduce</P>
  <P Name="ZoomFactor">200</P>
  <P Name="SimulinkSubDomain">Simulink</P>
  <Block BlockType="Inport" Name="In1" SID="3">
    <P Name="Position">[10, 88, 40, 102]</P>
    <P Name="ZOrder">-1</P>
  </Block>
  <Block BlockType="Gain" Name="Gain" SID="4">
    <P Name="Position">[325, 225, 355, 255]</P>
    <P Name="ZOrder">13</P>
    <P Name="BlockMirror">on</P>
    <P Name="NameLocation">top</P>
    <P Name="Gain">-1</P>
  </Block>
  <Block BlockType="Gain" Name="Gain1" SID="5">
    <P Name="Position">[430, 265, 460, 295]</P>
    <P Name="ZOrder">14</P>
    <P Name="BlockMirror">on</P>
    <P Name="NameLocation">top</P>
    <P Name="Gain">-10</P>
  </Block>
  <Block BlockType="Gain" Name="Gain2" SID="6">
    <P Name="Position">[125, 80, 155, 110]</P>
    <P Name="ZOrder">16</P>
  </Block>
  <Block BlockType="Gain" Name="Gain3" SID="7">
    <P Name="Position">[570, 110, 600, 140]</P>
    <P Name="ZOrder">17</P>
    <P Name="Gain">10</P>
  </Block>
  <Block BlockType="Integrator" Name="Integrator" SID="8">
    <P Name="Ports">[1, 1]</P>
    <P Name="Position">[290, 110, 320, 140]</P>
    <P Name="ZOrder">10</P>
  </Block>
  <Block BlockType="Integrator" Name="Integrator1" SID="9">
    <P Name="Ports">[1, 1]</P>
    <P Name="Position">[430, 110, 460, 140]</P>
    <P Name="ZOrder">11</P>
  </Block>
  <Block BlockType="Sum" Name="Sum" SID="10">
    <P Name="Ports">[3, 1]</P>
    <P Name="Position">[195, 115, 225, 145]</P>
    <P Name="ZOrder">12</P>
    <P Name="ShowName">off</P>
    <P Name="Inputs">|+++</P>
  </Block>
  <Block BlockType="Outport" Name="Out1" SID="11">
    <P Name="Position">[640, 118, 670, 132]</P>
    <P Name="ZOrder">-2</P>
    <P Name="VectorParamsAs1DForOutWhenUnconnected">off</P>
  </Block>
  <Line>
    <P Name="ZOrder">1</P>
    <P Name="Src">8#out:1</P>
    <P Name="Points">[61, 0]</P>
    <Branch>
      <P Name="ZOrder">2</P>
      <P Name="Points">[0, 115]</P>
      <P Name="Dst">4#in:1</P>
    </Branch>
    <Branch>
      <P Name="ZOrder">3</P>
      <P Name="Dst">9#in:1</P>
    </Branch>
  </Line>
  <Line>
    <P Name="ZOrder">4</P>
    <P Name="Src">6#out:1</P>
    <P Name="Points">[15, 0; 0, 20]</P>
    <P Name="Dst">10#in:1</P>
  </Line>
  <Line>
    <P Name="ZOrder">5</P>
    <P Name="Src">5#out:1</P>
    <P Name="Points">[-244, 0; 0, -135]</P>
    <P Name="Dst">10#in:2</P>
  </Line>
  <Line>
    <P Name="ZOrder">6</P>
    <P Name="Src">10#out:1</P>
    <P Name="Points">[28, 0; 0, -5]</P>
    <P Name="Dst">8#in:1</P>
  </Line>
  <Line>
    <P Name="ZOrder">7</P>
    <P Name="Src">9#out:1</P>
    <P Name="Points">[70, 0]</P>
    <Branch>
      <P Name="ZOrder">8</P>
      <P Name="Dst">7#in:1</P>
    </Branch>
    <Branch>
      <P Name="ZOrder">9</P>
      <P Name="Points">[0, 155]</P>
      <P Name="Dst">5#in:1</P>
    </Branch>
  </Line>
  <Line>
    <P Name="ZOrder">10</P>
    <P Name="Src">4#out:1</P>
    <P Name="Points">[-110, 0]</P>
    <P Name="Dst">10#in:3</P>
  </Line>
  <Line>
    <P Name="ZOrder">11</P>
    <P Name="Src">3#out:1</P>
    <P Name="Dst">6#in:1</P>
  </Line>
  <Line>
    <P Name="ZOrder">12</P>
    <P Name="Src">7#out:1</P>
    <P Name="Dst">11#in:1</P>
  </Line>
</System>
