<?xml version="1.0" encoding="utf-8"?>
<System>
  <P Name="Location">[223, 338, 826, 833]</P>
  <P Name="SystemRect">[0.000000, 0.000000, 0.000000, 0.000000]</P>
  <P Name="SetExecutionDomain">off</P>
  <P Name="ExecutionDomainType">Deduce</P>
  <P Name="SIDHighWatermark">29</P>
  <P Name="SimulinkSubDomain">Simulink</P>
  <Block BlockType="Inport" Name="y1" SID="1::22">
    <P Name="Position">[20, 101, 40, 119]</P>
    <P Name="ZOrder">13</P>
  </Block>
  <Block BlockType="Inport" Name="y2" SID="1::23">
    <P Name="Position">[20, 136, 40, 154]</P>
    <P Name="ZOrder">14</P>
    <P Name="Port">2</P>
  </Block>
  <Block BlockType="Inport" Name="u" SID="1::1">
    <P Name="Position">[20, 171, 40, 189]</P>
    <P Name="ZOrder">-1</P>
    <P Name="Port">3</P>
  </Block>
  <Block BlockType="Inport" Name="e" SID="1::24">
    <P Name="Position">[20, 206, 40, 224]</P>
    <P Name="ZOrder">15</P>
    <P Name="Port">4</P>
  </Block>
  <Block BlockType="Inport" Name="e1" SID="1::25">
    <P Name="Position">[20, 246, 40, 264]</P>
    <P Name="ZOrder">16</P>
    <P Name="Port">5</P>
  </Block>
  <Block BlockType="Inport" Name="e2" SID="1::26">
    <P Name="Position">[20, 281, 40, 299]</P>
    <P Name="ZOrder">17</P>
    <P Name="Port">6</P>
  </Block>
  <Block BlockType="Demux" Name=" Demux " SID="1::28">
    <P Name="Ports">[1, 1]</P>
    <P Name="Position">[270, 230, 320, 270]</P>
    <P Name="ZOrder">19</P>
    <P Name="Outputs">1</P>
  </Block>
  <Block BlockType="S-Function" Name=" SFunction " SID="1::27">
    <P Name="Tag">Stateflow S-Function 2</P>
    <P Name="Ports">[6, 2]</P>
    <P Name="Position">[180, 102, 230, 243]</P>
    <P Name="ZOrder">18</P>
    <P Name="FunctionName">sf_sfun</P>
    <P Name="PortCounts">[6 2]</P>
    <P Name="SFunctionDeploymentMode">off</P>
    <P Name="EnableBusSupport">on</P>
    <P Name="SFcnIsStateOwnerBlock">off</P>
    <Port>
      <P Name="PortNumber">2</P>
      <P Name="Name">y</P>
    </Port>
  </Block>
  <Block BlockType="Terminator" Name=" Terminator " SID="1::29">
    <P Name="Position">[460, 241, 480, 259]</P>
    <P Name="ZOrder">20</P>
  </Block>
  <Block BlockType="Outport" Name="y" SID="1::5">
    <P Name="Position">[460, 101, 480, 119]</P>
    <P Name="ZOrder">-5</P>
  </Block>
  <Line>
    <P Name="ZOrder">62</P>
    <P Name="Src">1::22#out:1</P>
    <P Name="Dst">1::27#in:1</P>
  </Line>
  <Line>
    <P Name="ZOrder">63</P>
    <P Name="Src">1::23#out:1</P>
    <P Name="Dst">1::27#in:2</P>
  </Line>
  <Line>
    <P Name="ZOrder">64</P>
    <P Name="Src">1::1#out:1</P>
    <P Name="Dst">1::27#in:3</P>
  </Line>
  <Line>
    <P Name="ZOrder">65</P>
    <P Name="Src">1::24#out:1</P>
    <P Name="Dst">1::27#in:4</P>
  </Line>
  <Line>
    <P Name="ZOrder">66</P>
    <P Name="Src">1::25#out:1</P>
    <P Name="Dst">1::27#in:5</P>
  </Line>
  <Line>
    <P Name="ZOrder">67</P>
    <P Name="Src">1::26#out:1</P>
    <P Name="Dst">1::27#in:6</P>
  </Line>
  <Line>
    <P Name="Name">y</P>
    <P Name="ZOrder">68</P>
    <P Name="Labels">[0, 0]</P>
    <P Name="Src">1::27#out:2</P>
    <P Name="Dst">1::5#in:1</P>
  </Line>
  <Line>
    <P Name="ZOrder">69</P>
    <P Name="Src">1::28#out:1</P>
    <P Name="Dst">1::29#in:1</P>
  </Line>
  <Line>
    <P Name="ZOrder">70</P>
    <P Name="Src">1::27#out:1</P>
    <P Name="Dst">1::28#in:1</P>
  </Line>
</System>
