<?xml version="1.0" encoding="utf-8"?>
<System>
  <P Name="Location">[-8, -8, 1688, 1018]</P>
  <P Name="SystemRect">[0.000000, 0.000000, 0.000000, 0.000000]</P>
  <P Name="Open">on</P>
  <P Name="SetExecutionDomain">off</P>
  <P Name="ExecutionDomainType">Deduce</P>
  <P Name="ZoomFactor">125</P>
  <P Name="ReportName">simulink-default.rpt</P>
  <P Name="SIDHighWatermark">47</P>
  <P Name="SimulinkSubDomain">Simulink</P>
  <Block BlockType="Reference" Name="Band-Limited&#xA;White Noise" SID="39">
    <P Name="Ports">[0, 1]</P>
    <P Name="Position">[500, -45, 530, -15]</P>
    <P Name="ZOrder">54</P>
    <P Name="LibraryVersion">1.476</P>
    <P Name="SourceBlock">simulink/Sources/Band-Limited
White Noise</P>
    <P Name="SourceType">Band-Limited White Noise.</P>
    <P Name="SourceProductBaseCode">SL</P>
    <InstanceData>
      <P Name="RTWMemSecFuncInitTerm">Inherit from model</P>
      <P Name="RTWMemSecFuncExecute">Inherit from model</P>
      <P Name="RTWMemSecDataConstants">Inherit from model</P>
      <P Name="RTWMemSecDataInternal">Inherit from model</P>
      <P Name="RTWMemSecDataParameters">Inherit from model</P>
      <P Name="ContentPreviewEnabled">on</P>
      <P Name="Cov">[0.0001]</P>
      <P Name="Ts">0.01</P>
      <P Name="seed">[23341]</P>
      <P Name="VectorParams1D">on</P>
    </InstanceData>
  </Block>
  <Block BlockType="From" Name="From1" SID="24">
    <P Name="Position">[195, 136, 235, 164]</P>
    <P Name="ZOrder">39</P>
    <P Name="GotoTag">y1</P>
  </Block>
  <Block BlockType="From" Name="From2" SID="25">
    <P Name="Position">[195, 171, 235, 199]</P>
    <P Name="ZOrder">40</P>
    <P Name="GotoTag">y2</P>
  </Block>
  <Block BlockType="From" Name="From3" SID="27">
    <P Name="Position">[195, 206, 235, 234]</P>
    <P Name="ZOrder">42</P>
    <P Name="GotoTag">u</P>
  </Block>
  <Block BlockType="From" Name="From4" SID="29">
    <P Name="Position">[495, 116, 535, 144]</P>
    <P Name="ZOrder">44</P>
    <P Name="GotoTag">y</P>
  </Block>
  <Block BlockType="From" Name="From5" SID="35">
    <P Name="Position">[195, 241, 235, 269]</P>
    <P Name="ZOrder">50</P>
    <P Name="GotoTag">e</P>
  </Block>
  <Block BlockType="From" Name="From6" SID="36">
    <P Name="Position">[195, 276, 235, 304]</P>
    <P Name="ZOrder">51</P>
    <P Name="GotoTag">e1</P>
  </Block>
  <Block BlockType="From" Name="From7" SID="37">
    <P Name="Position">[195, 311, 235, 339]</P>
    <P Name="ZOrder">52</P>
    <P Name="GotoTag">e2</P>
  </Block>
  <Block BlockType="From" Name="From8" SID="38">
    <P Name="Position">[530, 46, 570, 74]</P>
    <P Name="ZOrder">53</P>
    <P Name="GotoTag">y</P>
  </Block>
  <Block BlockType="From" Name="From9" SID="45">
    <P Name="Position">[610, -44, 650, -16]</P>
    <P Name="ZOrder">59</P>
    <P Name="GotoTag">u</P>
  </Block>
  <Block BlockType="Goto" Name="Goto1" SID="21">
    <P Name="Position">[630, 225, 670, 255]</P>
    <P Name="ZOrder">36</P>
    <P Name="GotoTag">y</P>
  </Block>
  <Block BlockType="Goto" Name="Goto2" SID="22">
    <P Name="Position">[630, 260, 670, 290]</P>
    <P Name="ZOrder">37</P>
    <P Name="GotoTag">y1</P>
  </Block>
  <Block BlockType="Goto" Name="Goto3" SID="23">
    <P Name="Position">[630, 305, 670, 335]</P>
    <P Name="ZOrder">38</P>
    <P Name="GotoTag">y2</P>
  </Block>
  <Block BlockType="Goto" Name="Goto4" SID="26">
    <P Name="Position">[255, 75, 295, 105]</P>
    <P Name="ZOrder">41</P>
    <P Name="GotoTag">u</P>
  </Block>
  <Block BlockType="Goto" Name="Goto5" SID="30">
    <P Name="Position">[745, 85, 785, 115]</P>
    <P Name="ZOrder">45</P>
    <P Name="GotoTag">e</P>
  </Block>
  <Block BlockType="Goto" Name="Goto6" SID="33">
    <P Name="Position">[745, 130, 785, 160]</P>
    <P Name="ZOrder">48</P>
    <P Name="GotoTag">e1</P>
  </Block>
  <Block BlockType="Goto" Name="Goto7" SID="34">
    <P Name="Position">[745, 175, 785, 205]</P>
    <P Name="ZOrder">49</P>
    <P Name="GotoTag">e2</P>
  </Block>
  <Block BlockType="SubSystem" Name="MATLAB Function" SID="1">
    <P Name="Ports">[6, 1]</P>
    <P Name="Position">[285, 136, 445, 339]</P>
    <P Name="ZOrder">1</P>
    <P Name="ErrorFcn">Stateflow.Translate.translate</P>
    <P Name="PermitHierarchicalResolution">ExplicitOnly</P>
    <P Name="TreatAsAtomicUnit">on</P>
    <P Name="RequestExecContextInheritance">off</P>
    <P Name="SFBlockType">MATLAB Function</P>
    <P Name="ContentPreviewEnabled">on</P>
    <System Ref="system_1"/>
  </Block>
  <Block BlockType="Mux" Name="Mux" SID="43">
    <P Name="Ports">[2, 1]</P>
    <P Name="Position">[710, -19, 715, 19]</P>
    <P Name="ZOrder">57</P>
    <P Name="Inputs">2</P>
    <P Name="DisplayOption">bar</P>
  </Block>
  <Block BlockType="Reference" Name="Repeating&#xA;Sequence&#xA;Stair" SID="14">
    <P Name="Ports">[0, 1]</P>
    <P Name="Position">[200, 20, 230, 50]</P>
    <P Name="ZOrder">29</P>
    <P Name="LibraryVersion">1.476</P>
    <P Name="SourceBlock">simulink/Sources/Repeating
Sequence
Stair</P>
    <P Name="SourceType">Repeating Sequence Stair</P>
    <P Name="SourceProductBaseCode">SL</P>
    <InstanceData>
      <P Name="RTWMemSecFuncInitTerm">Inherit from model</P>
      <P Name="RTWMemSecFuncExecute">Inherit from model</P>
      <P Name="RTWMemSecDataConstants">Inherit from model</P>
      <P Name="RTWMemSecDataInternal">Inherit from model</P>
      <P Name="RTWMemSecDataParameters">Inherit from model</P>
      <P Name="ContentPreviewEnabled">on</P>
      <P Name="OutValues">[0 0.2 0 0.4 0.8 0.4 1].&apos;</P>
      <P Name="tsamp">15</P>
      <P Name="OutMin">[]</P>
      <P Name="OutMax">[]</P>
      <P Name="OutDataTypeStr">double</P>
      <P Name="OutputDataTypeScalingMode">double</P>
      <P Name="OutDataType">fixdt(0,8)</P>
      <P Name="ConRadixGroup">Best Precision: Vector-wise</P>
      <P Name="OutScaling">2^-12</P>
      <P Name="LockScale">off</P>
    </InstanceData>
  </Block>
  <Block BlockType="Scope" Name="Scope" SID="16">
    <P Name="Ports">[3]</P>
    <P Name="Position">[605, 13, 635, 47]</P>
    <P Name="ZOrder">31</P>
    <P Name="ScopeSpecificationString">Simulink.scopes.TimeScopeBlockCfg(&apos;CurrentConfiguration&apos;, extmgr.ConfigurationSet(extmgr.Configuration(&apos;Core&apos;,&apos;General UI&apos;,true),extmgr.Configuration(&apos;Core&apos;,&apos;Source UI&apos;,true),extmgr.Configuration(&apos;Sources&apos;,&apos;WiredSimulink&apos;,true),extmgr.Configuration(&apos;Visuals&apos;,&apos;Time Domain&apos;,true,&apos;SerializedDisplays&apos;,{struct(&apos;MinYLimReal&apos;,&apos;-0.30654&apos;,&apos;MaxYLimReal&apos;,&apos;1.54859&apos;,&apos;YLabelReal&apos;,&apos;&apos;,&apos;MinYLimMag&apos;,&apos;0.00000&apos;,&apos;MaxYLimMag&apos;,&apos;1.54859&apos;,&apos;LegendVisibility&apos;,&apos;off&apos;,&apos;XGrid&apos;,true,&apos;YGrid&apos;,true,&apos;PlotMagPhase&apos;,false,&apos;AxesColor&apos;,[0 0 0],&apos;AxesTickColor&apos;,[0.686274509803922 0.686274509803922 0.686274509803922],&apos;ColorOrder&apos;,[1 1 0.0666666666666667;0.0745098039215686 0.623529411764706 1;1 0.411764705882353 0.16078431372549;0.392156862745098 0.831372549019608 0.0745098039215686;0.717647058823529 0.274509803921569 1;0.0588235294117647 1 1;1 0.0745098039215686 0.650980392156863],&apos;Title&apos;,&apos;%&lt;SignalLabel&gt;&apos;,&apos;LinePropertiesCache&apos;,{{}},&apos;UserDefinedChannelNames&apos;,{{}},&apos;NumLines&apos;,3,&apos;LineNames&apos;,{{&apos;Sum1&apos;,&apos;Repeating Sequence Stair&apos;,&apos;&lt;y&gt;&apos;}},&apos;ShowContent&apos;,true,&apos;Placement&apos;,1)},&apos;DisplayPropertyDefaults&apos;,struct(&apos;MinYLimReal&apos;,&apos;-0.30654&apos;,&apos;MaxYLimReal&apos;,&apos;1.54859&apos;,&apos;YLabelReal&apos;,&apos;&apos;,&apos;MinYLimMag&apos;,&apos;0.00000&apos;,&apos;MaxYLimMag&apos;,&apos;1.54859&apos;,&apos;LegendVisibility&apos;,&apos;off&apos;,&apos;XGrid&apos;,true,&apos;YGrid&apos;,true,&apos;PlotMagPhase&apos;,false,&apos;AxesColor&apos;,[0 0 0],&apos;AxesTickColor&apos;,[0.686274509803922 0.686274509803922 0.686274509803922],&apos;ColorOrder&apos;,[0.0745098039215686 0.623529411764706 1;1 0.411764705882353 0.16078431372549;1 1 0.0666666666666667;0.717647058823529 0.274509803921569 1;0.392156862745098 0.831372549019608 0.0745098039215686;0.0588235294117647 1 1;1 0.0745098039215686 0.650980392156863])),extmgr.Configuration(&apos;Tools&apos;,&apos;Plot Navigation&apos;,true,&apos;OnceAtStop&apos;,false),extmgr.Configuration(&apos;Tools&apos;,&apos;Measurements&apos;,true,&apos;Version&apos;,&apos;2020b&apos;)),&apos;Version&apos;,&apos;2020b&apos;,&apos;Position&apos;,[257 196 998 535])</P>
    <P Name="NumInputPorts">3</P>
    <P Name="Floating">off</P>
  </Block>
  <Block BlockType="Scope" Name="Scope1" SID="41">
    <P Name="Ports">[2]</P>
    <P Name="Position">[695, -74, 725, -41]</P>
    <P Name="ZOrder">56</P>
    <P Name="ScopeSpecificationString">Simulink.scopes.TimeScopeBlockCfg(&apos;CurrentConfiguration&apos;, extmgr.ConfigurationSet(extmgr.Configuration(&apos;Core&apos;,&apos;General UI&apos;,true),extmgr.Configuration(&apos;Core&apos;,&apos;Source UI&apos;,true),extmgr.Configuration(&apos;Sources&apos;,&apos;WiredSimulink&apos;,true,&apos;DataLoggingVariableName&apos;,&apos;ST&apos;,&apos;DataLoggingSaveFormat&apos;,&apos;Array&apos;),extmgr.Configuration(&apos;Visuals&apos;,&apos;Time Domain&apos;,true,&apos;SerializedDisplays&apos;,{struct(&apos;MinYLimReal&apos;,&apos;-0.33377&apos;,&apos;MaxYLimReal&apos;,&apos;1.55999&apos;,&apos;YLabelReal&apos;,&apos;&apos;,&apos;MinYLimMag&apos;,&apos;0.00000&apos;,&apos;MaxYLimMag&apos;,&apos;1.55999&apos;,&apos;LegendVisibility&apos;,&apos;Off&apos;,&apos;XGrid&apos;,true,&apos;YGrid&apos;,true,&apos;PlotMagPhase&apos;,false,&apos;AxesColor&apos;,[0 0 0],&apos;AxesTickColor&apos;,[0.686274509803922 0.686274509803922 0.686274509803922],&apos;ColorOrder&apos;,[1 1 0.0666666666666667;0.0745098039215686 0.623529411764706 1;1 0.411764705882353 0.16078431372549;0.392156862745098 0.831372549019608 0.0745098039215686;0.717647058823529 0.274509803921569 1;0.0588235294117647 1 1;1 0.0745098039215686 0.650980392156863],&apos;Title&apos;,&apos;%&lt;SignalLabel&gt;&apos;,&apos;LinePropertiesCache&apos;,{{}},&apos;UserDefinedChannelNames&apos;,{{}},&apos;NumLines&apos;,2,&apos;LineNames&apos;,{{&apos;Sum1&apos;,&apos;Repeating Sequence Stair&apos;}},&apos;ShowContent&apos;,true,&apos;Placement&apos;,1)},&apos;DisplayPropertyDefaults&apos;,struct(&apos;MinYLimReal&apos;,&apos;-0.33377&apos;,&apos;MaxYLimReal&apos;,&apos;1.55999&apos;,&apos;YLabelReal&apos;,&apos;&apos;,&apos;MinYLimMag&apos;,&apos;0.00000&apos;,&apos;MaxYLimMag&apos;,&apos;1.55999&apos;,&apos;LegendVisibility&apos;,&apos;Off&apos;,&apos;XGrid&apos;,true,&apos;YGrid&apos;,true,&apos;PlotMagPhase&apos;,false,&apos;AxesColor&apos;,[0 0 0],&apos;AxesTickColor&apos;,[0.686274509803922 0.686274509803922 0.686274509803922],&apos;ColorOrder&apos;,[0.0745098039215686 0.623529411764706 1;1 0.411764705882353 0.16078431372549;1 1 0.0666666666666667;0.717647058823529 0.274509803921569 1;0.392156862745098 0.831372549019608 0.0745098039215686;0.0588235294117647 1 1;1 0.0745098039215686 0.650980392156863])),extmgr.Configuration(&apos;Tools&apos;,&apos;Plot Navigation&apos;,true,&apos;OnceAtStop&apos;,false,&apos;PreviousZoomMode&apos;,&apos;Pan&apos;,&apos;PreviousAutoscale&apos;,&apos;XY&apos;),extmgr.Configuration(&apos;Tools&apos;,&apos;Measurements&apos;,true,&apos;Version&apos;,&apos;2020b&apos;)),&apos;Version&apos;,&apos;2020b&apos;,&apos;Position&apos;,[175 315 560 420])</P>
    <P Name="NumInputPorts">2</P>
    <P Name="Floating">off</P>
  </Block>
  <Block BlockType="SubSystem" Name="Subsystem" SID="2">
    <P Name="Ports">[1, 1]</P>
    <P Name="Position">[280, 4, 455, 66]</P>
    <P Name="ZOrder">28</P>
    <P Name="RequestExecContextInheritance">off</P>
    <P Name="ContentPreviewEnabled">on</P>
    <System Ref="system_2"/>
  </Block>
  <Block BlockType="Sum" Name="Sum" SID="28">
    <P Name="Ports">[2, 1]</P>
    <P Name="Position">[540, 90, 560, 110]</P>
    <P Name="ZOrder">43</P>
    <P Name="ShowName">off</P>
    <P Name="Inputs">|+-</P>
  </Block>
  <Block BlockType="Sum" Name="Sum1" SID="40">
    <P Name="Ports">[2, 1]</P>
    <P Name="Position">[540, -75, 560, -55]</P>
    <P Name="ZOrder">55</P>
    <P Name="Inputs">|++</P>
  </Block>
  <Block BlockType="ToWorkspace" Name="To Workspace" SID="44">
    <P Name="Ports">[1]</P>
    <P Name="Position">[740, -15, 790, 15]</P>
    <P Name="ZOrder">58</P>
    <P Name="VariableName">ST</P>
    <P Name="MaxDataPoints">inf</P>
    <P Name="Save2DSignal">2-D array (concatenate along first dimension)</P>
    <P Name="FixptAsFi">on</P>
    <P Name="SampleTime">-1</P>
  </Block>
  <Block BlockType="UnitDelay" Name="Unit Delay" SID="17">
    <P Name="Position">[505, 258, 540, 292]</P>
    <P Name="ZOrder">32</P>
    <P Name="SampleTime">-1</P>
    <P Name="HasFrameUpgradeWarning">on</P>
  </Block>
  <Block BlockType="UnitDelay" Name="Unit Delay1" SID="18">
    <P Name="Position">[580, 303, 615, 337]</P>
    <P Name="ZOrder">33</P>
    <P Name="SampleTime">-1</P>
    <P Name="HasFrameUpgradeWarning">on</P>
  </Block>
  <Block BlockType="UnitDelay" Name="Unit Delay2" SID="31">
    <P Name="Position">[615, 138, 650, 172]</P>
    <P Name="ZOrder">46</P>
    <P Name="SampleTime">-1</P>
    <P Name="HasFrameUpgradeWarning">on</P>
  </Block>
  <Block BlockType="UnitDelay" Name="Unit Delay3" SID="32">
    <P Name="Position">[670, 173, 705, 207]</P>
    <P Name="ZOrder">47</P>
    <P Name="SampleTime">-1</P>
    <P Name="HasFrameUpgradeWarning">on</P>
  </Block>
  <Line>
    <P Name="ZOrder">5</P>
    <P Name="Src">2#out:1</P>
    <P Name="Points">[25, 0]</P>
    <Branch>
      <P Name="ZOrder">22</P>
      <P Name="Points">[0, 65]</P>
      <P Name="Dst">28#in:1</P>
    </Branch>
    <Branch>
      <P Name="ZOrder">21</P>
      <P Name="Points">[0, -100]</P>
      <P Name="Dst">40#in:1</P>
    </Branch>
  </Line>
  <Line>
    <P Name="ZOrder">8</P>
    <P Name="Src">14#out:1</P>
    <P Name="Points">[5, 0]</P>
    <Branch>
      <P Name="ZOrder">19</P>
      <P Name="Dst">26#in:1</P>
    </Branch>
    <Branch>
      <P Name="ZOrder">18</P>
      <P Name="Points">[12, 0]</P>
      <Branch>
        <P Name="ZOrder">7</P>
        <P Name="Points">[0, -38; 262, 0; 0, 33]</P>
        <P Name="Dst">16#in:2</P>
      </Branch>
      <Branch>
        <P Name="ZOrder">6</P>
        <P Name="Dst">2#in:1</P>
      </Branch>
    </Branch>
  </Line>
  <Line>
    <P Name="ZOrder">9</P>
    <P Name="Src">1#out:1</P>
    <P Name="Points">[25, 0]</P>
    <Branch>
      <P Name="ZOrder">15</P>
      <P Name="Dst">21#in:1</P>
    </Branch>
    <Branch>
      <P Name="ZOrder">14</P>
      <P Name="Points">[0, 35]</P>
      <P Name="Dst">17#in:1</P>
    </Branch>
  </Line>
  <Line>
    <P Name="ZOrder">10</P>
    <P Name="Src">17#out:1</P>
    <P Name="Points">[15, 0]</P>
    <Branch>
      <P Name="ZOrder">13</P>
      <P Name="Dst">22#in:1</P>
    </Branch>
    <Branch>
      <P Name="ZOrder">12</P>
      <P Name="Points">[0, 45]</P>
      <P Name="Dst">18#in:1</P>
    </Branch>
  </Line>
  <Line>
    <P Name="ZOrder">11</P>
    <P Name="Src">18#out:1</P>
    <P Name="Dst">23#in:1</P>
  </Line>
  <Line>
    <P Name="ZOrder">16</P>
    <P Name="Src">24#out:1</P>
    <P Name="Dst">1#in:1</P>
  </Line>
  <Line>
    <P Name="ZOrder">17</P>
    <P Name="Src">25#out:1</P>
    <P Name="Dst">1#in:2</P>
  </Line>
  <Line>
    <P Name="ZOrder">20</P>
    <P Name="Src">27#out:1</P>
    <P Name="Dst">1#in:3</P>
  </Line>
  <Line>
    <P Name="ZOrder">23</P>
    <P Name="Src">29#out:1</P>
    <P Name="Points">[10, 0]</P>
    <P Name="Dst">28#in:2</P>
  </Line>
  <Line>
    <P Name="ZOrder">24</P>
    <P Name="Src">28#out:1</P>
    <P Name="Points">[12, 0]</P>
    <Branch>
      <P Name="ZOrder">26</P>
      <P Name="Points">[0, 55]</P>
      <P Name="Dst">31#in:1</P>
    </Branch>
    <Branch>
      <P Name="ZOrder">25</P>
      <P Name="Dst">30#in:1</P>
    </Branch>
  </Line>
  <Line>
    <P Name="ZOrder">27</P>
    <P Name="Src">31#out:1</P>
    <P Name="Points">[0, 0]</P>
    <Branch>
      <P Name="ZOrder">31</P>
      <P Name="Dst">32#in:1</P>
    </Branch>
    <Branch>
      <P Name="ZOrder">30</P>
      <P Name="Points">[0, -10]</P>
      <P Name="Dst">33#in:1</P>
    </Branch>
  </Line>
  <Line>
    <P Name="ZOrder">28</P>
    <P Name="Src">32#out:1</P>
    <P Name="Dst">34#in:1</P>
  </Line>
  <Line>
    <P Name="ZOrder">32</P>
    <P Name="Src">35#out:1</P>
    <P Name="Dst">1#in:4</P>
  </Line>
  <Line>
    <P Name="ZOrder">33</P>
    <P Name="Src">36#out:1</P>
    <P Name="Dst">1#in:5</P>
  </Line>
  <Line>
    <P Name="ZOrder">34</P>
    <P Name="Src">37#out:1</P>
    <P Name="Dst">1#in:6</P>
  </Line>
  <Line>
    <P Name="ZOrder">35</P>
    <P Name="Src">38#out:1</P>
    <P Name="Points">[13, 0; 0, -20]</P>
    <P Name="Dst">16#in:3</P>
  </Line>
  <Line>
    <P Name="ZOrder">51</P>
    <P Name="Src">39#out:1</P>
    <P Name="Points">[15, 0]</P>
    <P Name="Dst">40#in:2</P>
  </Line>
  <Line>
    <P Name="ZOrder">54</P>
    <P Name="Src">40#out:1</P>
    <P Name="Points">[12, 0]</P>
    <Branch>
      <P Name="ZOrder">73</P>
      <P Name="Points">[0, 85]</P>
      <P Name="Dst">16#in:1</P>
    </Branch>
    <Branch>
      <P Name="ZOrder">72</P>
      <P Name="Points">[87, 0]</P>
      <Branch>
        <P Name="ZOrder">74</P>
        <P Name="Points">[0, 75]</P>
        <P Name="Dst">43#in:2</P>
      </Branch>
      <Branch>
        <P Name="ZOrder">69</P>
        <P Name="Dst">41#in:1</P>
      </Branch>
    </Branch>
  </Line>
  <Line>
    <P Name="ZOrder">58</P>
    <P Name="Src">43#out:1</P>
    <P Name="Dst">44#in:1</P>
  </Line>
  <Line>
    <P Name="ZOrder">63</P>
    <P Name="Src">45#out:1</P>
    <P Name="Points">[20, 0]</P>
    <Branch>
      <P Name="ZOrder">68</P>
      <P Name="Points">[0, 20]</P>
      <P Name="Dst">43#in:1</P>
    </Branch>
    <Branch>
      <P Name="ZOrder">67</P>
      <P Name="Points">[0, -20]</P>
      <P Name="Dst">41#in:2</P>
    </Branch>
  </Line>
  <Annotation SID="42">
    <P Name="Name">TARJETA DE ADQUISICIÓN</P>
    <P Name="Position">[525, -94, 654, -80]</P>
    <P Name="InternalMargins">[0, 0, 0, 0]</P>
  </Annotation>
  <Annotation SID="13">
    <P Name="Name">ARMAX</P>
    <P Name="Position">[346, 116, 383, 130]</P>
    <P Name="InternalMargins">[0, 0, 0, 0]</P>
    <P Name="ZOrder">-1</P>
  </Annotation>
  <Annotation SID="12">
    <P Name="Name">PLANTA REAL</P>
    <P Name="Position">[333, -18, 401, -4]</P>
    <P Name="InternalMargins">[0, 0, 0, 0]</P>
    <P Name="ZOrder">-2</P>
  </Annotation>
</System>
