<?xml version="1.0" encoding="UTF-8" standalone="yes" ?><cp:coreProperties xmlns:cp="http://schemas.openxmlformats.org/package/2006/metadata/core-properties" xmlns:dc="http://purl.org/dc/elements/1.1/" xmlns:dcmitype="http://purl.org/dc/dcmitype/" xmlns:dcterms="http://purl.org/dc/terms/" xmlns:xsi="http://www.w3.org/2001/XMLSchema-instance"><cp:category>model</cp:category><dcterms:created xsi:type="dcterms:W3CDTF">2021-09-17T13:46:50Z</dcterms:created><dc:creator>alejandropuerta</dc:creator><cp:lastModifiedBy>3.4b</cp:lastModifiedBy><dcterms:modified xsi:type="dcterms:W3CDTF">2021-09-21T16:28:05Z</dcterms:modified><cp:revision>3.4</cp:revision><cp:version>R2020b</cp:version></cp:coreProperties>