<?xml version="1.0" encoding="UTF-8"?>
<sltp_editor version="1.1" packageUris="http://schema.mathworks.com/mf0/DiagramEditor/R2019a_20181107 http://schema.mathworks.com/mf0/SltpSyntax/R2020b_202005081148">
  <sltp.mm.syntax.Context type="sltp.mm.syntax.Context" uuid="30ee2024-c556-4bbf-8591-6a9d05cfaef6">
    <rootGraph type="sltp.mm.syntax.Graph" uuid="7dfe9c32-16c4-44fc-977c-6fc810eef9e5">
      <children type="sltp.mm.syntax.Node" uuid="50dae891-aadf-482d-8840-4ef9b2d049a2">
        <priority>40</priority>
        <rates type="sltp.mm.syntax.RateData">
          <color>#000000</color>
          <hasBlocks>true</hasBlocks>
          <rate>0</rate>
          <title>Cont</title>
        </rates>
        <rates type="sltp.mm.syntax.RateData">
          <color>#e60000</color>
          <hasBlocks>true</hasBlocks>
          <rate>0.01</rate>
          <title>D1</title>
        </rates>
        <rates type="sltp.mm.syntax.RateData">
          <color>#00d100</color>
          <hasBlocks>true</hasBlocks>
          <rate>15</rate>
          <title>D2</title>
        </rates>
        <title>Cont</title>
        <type>base</type>
        <diagramElement type="diagram.editor.model.Entity" uuid="3a1219c7-0e77-444a-a049-92d78d0e9ef9"/>
        <subgraph type="sltp.mm.syntax.Graph" uuid="58bdcee9-8ae1-420e-88b3-b6c1c81e39bf">
          <title>Cont</title>
          <diagramElement type="diagram.editor.model.Diagram" uuid="cc4a5784-b593-4e8e-b54e-f33ea0aca273"/>
        </subgraph>
      </children>
      <title>Default</title>
      <diagramElement type="diagram.editor.model.Diagram" uuid="c676640e-f927-4b7e-a529-e782edaa971c"/>
    </rootGraph>
  </sltp.mm.syntax.Context>
  <diagram.editor.model.Diagram type="diagram.editor.model.Diagram" uuid="c676640e-f927-4b7e-a529-e782edaa971c">
    <entities type="diagram.editor.model.Entity" uuid="3a1219c7-0e77-444a-a049-92d78d0e9ef9">
      <position>0,0</position>
      <size>0,0,0,0</size>
      <syntaxElement type="sltp.mm.syntax.Node" uuid="50dae891-aadf-482d-8840-4ef9b2d049a2"/>
      <title>Cont</title>
      <type>base</type>
      <subDiagram type="diagram.editor.model.Diagram" uuid="cc4a5784-b593-4e8e-b54e-f33ea0aca273">
        <position>0,0</position>
        <syntaxElement type="sltp.mm.syntax.Graph" uuid="58bdcee9-8ae1-420e-88b3-b6c1c81e39bf"/>
        <title>Cont</title>
        <type>graph.Graph</type>
      </subDiagram>
    </entities>
    <syntaxElement type="sltp.mm.syntax.Graph" uuid="7dfe9c32-16c4-44fc-977c-6fc810eef9e5"/>
    <title>Default</title>
    <type>graph.Graph</type>
  </diagram.editor.model.Diagram>
</sltp_editor>