<?xml version="1.0" encoding="UTF-8"?>
<sltp_graph version="1.1" packageUris="http://schema.mathworks.com/mf0/sltp_mm/R2020b_202003251737">
  <sltp.mm.core.Context type="sltp.mm.core.Context" uuid="520f9ae7-2b34-4ffe-9aa2-3753f071a4ab">
    <priorityDirection>HighNumberLast</priorityDirection>
    <editorState type="sltp.mm.core.EditorState" uuid="3ad27eb9-8c5d-4afd-b086-0053c74290ef">
      <isSynchronized>true</isSynchronized>
    </editorState>
    <rootTask type="sltp.mm.core.Task" uuid="89542aac-307d-407d-b1c9-7ba52a62328c">
      <context type="sltp.mm.core.Context" uuid="520f9ae7-2b34-4ffe-9aa2-3753f071a4ab"/>
      <explicit>false</explicit>
      <name>Default</name>
      <priority>-2147483648</priority>
      <subgraph type="sltp.mm.core.Graph" uuid="cd38a3f6-4bde-4f0b-9184-6c6ce07b2351">
        <tasks type="sltp.mm.core.Task" uuid="d4265362-47aa-4cd9-af50-f1eb027a65c4">
          <baseTask>true</baseTask>
          <context type="sltp.mm.core.Context" uuid="520f9ae7-2b34-4ffe-9aa2-3753f071a4ab"/>
          <explicit>false</explicit>
          <id>1</id>
          <isTimed>true</isTimed>
          <name>Cont</name>
          <priority>40</priority>
          <rates type="sltp.mm.core.Rate" uuid="eb330927-f610-403f-9831-02765e84ab36">
            <annotation>Cont</annotation>
            <color>255</color>
            <hasBlocks>true</hasBlocks>
            <rateSpec type="sltp.mm.core.RateSpec">
              <period>0.0</period>
            </rateSpec>
            <sti>0</sti>
          </rates>
          <rates type="sltp.mm.core.Rate" uuid="44aefd5d-61c6-4956-aa26-195c3de76bd1">
            <annotation>D1</annotation>
            <color>-436207361</color>
            <hasBlocks>true</hasBlocks>
            <rateSpec type="sltp.mm.core.RateSpec">
              <period>.01</period>
            </rateSpec>
            <sti>1</sti>
          </rates>
          <rates type="sltp.mm.core.Rate" uuid="f6d898a6-2650-44ea-b1cc-071ea8cca65c">
            <annotation>D2</annotation>
            <color>13697279</color>
            <hasBlocks>true</hasBlocks>
            <rateSpec type="sltp.mm.core.RateSpec">
              <period>15.0</period>
            </rateSpec>
            <sti>2</sti>
          </rates>
        </tasks>
      </subgraph>
    </rootTask>
  </sltp.mm.core.Context>
</sltp_graph>